<?xml version="1.0" encoding="UTF-8"?>
<beans xmlns="http://www.springframework.org/schema/beans"
	xmlns:xsi="http://www.w3.org/2001/XMLSchema-instance"
	xmlns:p="http://www.springframework.org/schema/p"
	xmlns:context="http://www.springframework.org/schema/context"
	xsi:schemaLocation="http://www.springframework.org/schema/beans
		http://www.springframework.org/schema/beans/spring-beans-3.0.xsd
		http://www.springframework.org/schema/context
		http://www.springframework.org/schema/context/spring-context-3.0.xsd">
		
		<context:component-scan base-package="com.controller"/>
		
		 <bean class="org.springframework.web.servlet.view.InternalResourceViewResolver">
        <property name="prefix" value="/WEB-INF/jsp/" />
        <property name="suffix" value=".jsp" />
    </bean>
    
    <bean id="ds" class="org.springframework.jdbc.datasource.DriverManagerDataSource">
	       <property name="driverClassName" value="com.mysql.cj.jdbc.Driver"/>
	       <property name="url" value="jdbc:mysql://localhost:3306/pradyumnadb"/>
	       <property name="username" value="root"/>
	       <property name="password" value="Kmit@123$"/>
	       
		</bean>
		
	<bean id="jt" class="org.springframework.jdbc.core.JdbcTemplate">
		<property name="dataSource" ref="ds"/>
		</bean>
	
	<bean id="dao" class="com.dao.RegistrationDao">
	<property name="template" ref="jt"/>
	</bean>		
		
</beans>		